ts	phase	decision	why	evidence	result
2026-10-05T05:17:26Z	ground	used the frozen contract and the existing ArtifactStore replay APIs as the source of truth	CB01 must bind exact upstream identities and may not add Store behavior	docs/design/cb01-enrollment-contract.md; src/matchvet/artifacts.py:515; src/matchvet/f16.py:244	grounded; no generic Store change planned
2026-10-05T05:19:37Z	architecture	used the frozen repository seam and kept F06 through F19 replay inside one lifecycle owner	the contract pre-agrees that one repository owns exact joins, retry bounds and receipt publication	.audit/cb01-implementation/grounding.md; docs/design/cb01-enrollment-contract.md	grounded; design candidates pending
2026-10-05T05:32:32Z	sketch	selected one BootstrapRepository owner and grafted private immutable recovery checkpoints	the judge preferred A for exact recovery and short traces; B makes unsafe stage transitions harder to represent	.audit/cb01-implementation/architecture.md; .audit/cb01-implementation/judge/verdict.md	design fixed; implementation can proceed
2026-10-05T10:20:09Z	blast-radius	defer root expiry checks for intermediate TUF roots and validate the final root at one refresh-start instant	TUF root rotation advances sequentially through signed roots; rejecting an expired intermediate prevents reaching a still-valid current root	.audit/cb01-implementation/blast-arena-plan.md; tests/test_cb01_trust.py::test_fresh_refresh_accepts_expired_intermediate_roots_and_checks_final_root	implemented; offline refresh and final-expiry test passes
2026-10-05T10:20:09Z	blast-radius	bind fact projections to full F19 evidence and selected outcome attachments	A caller-selected subset can hide equal-authority conflicts, and a crash can leave a fact projection without its outcome parent	/data/data/com.termux/files/usr/tmp/cb01-blast/candidate-a.md; /data/data/com.termux/files/usr/tmp/cb01-blast/candidate-b.md; docs/design/cb01-enrollment-contract.md	implemented full-snapshot resolution, prepublication conflict checks, standalone-fact replay rejection, and exact retry reuse
2026-10-05T10:20:09Z	implementation	allow exact fixture-bound T10 evidence supplements for fact attachments	The frozen contract permits supplemental exact T10 snapshots when an F19 grade omits another family's diagnostic facts	docs/design/cb01-enrollment-contract.md:110-123; src/matchvet/t10.py:2302-2315	implemented lookup through the existing protected T10 evidence repository; focused integration run pending
2026-10-05T10:20:09Z	blast-radius	enforce the frozen metadata baseline and monotonic retained TUF version floor	A signed but stale still-unexpired metadata chain can roll back trust state between fixture batches	.audit/cb01-implementation/blast-arena-plan.md; /data/data/com.termux/files/usr/tmp/cb01-blast/candidate-b.md	implemented policy version floors and protected-catalog monotonicity; offline regression passes
2026-10-05T10:20:09Z	implementation	point CandidateInput support to its exact F14 input bundle	A CandidateInput reference must resolve to the source artifact containing the input, not the F14 decision output	/data/data/com.termux/files/usr/tmp/cb01-blast/candidate-b.md; src/matchvet/f14.py:352-355	implemented exact input-bundle digest; unit regression passes
2026-10-05T05:25:00Z	chronology	retain and compare every RFC3161 fractional genTime digit	Python datetime truncates sub-microsecond fractions, which could make a strict cutoff or kickoff comparison imprecise	src/matchvet/cb01_schema.py:334-390; tests/test_cb01_schema.py::test_cb01_timestamp_comparison_preserves_fractional_digits	implemented; exact timestamp comparisons preserve full fractional precision
2026-10-05T07:35:00Z	denominator	separate complete denominator replay from per-row lineage readiness	An incomplete upstream row must remain in the batch denominator and publish as INCOMPLETE, while it cannot become ENROLLED_LIVE	src/matchvet/cb01.py:1135-1172; tests/test_cb01_repository.py::test_verified_batch_keeps_missing_f16_rows_incomplete_and_visible	implemented; complete denominator can publish with explicitly incomplete rows
2026-10-05T08:41:00Z	performance	stop the six-state F19 replay after the 28-minute run and narrow repeated work	The F19 replay fixture was growing exponentially; protect bounded operation time before retaining the multi-state outcome coverage	.audit/cb01-implementation/trail-review.md; tests/test_cb01_repository.py::test_outcome_attachments_preserve_f19_states_and_correction_facts	optimization pivot recorded; final outcome seam rerun pending
2026-10-05T10:42:00Z	verification	invalidate the full CB01 run that overlapped source edits and rerun after source freeze	The 29-pass/2-fail run created PreEnrollment software digests before a type-only cb01.py edit, then exact replay correctly rejected the changed implementation identity	.audit/cb01-implementation/trail-review.md; tests/test_cb01_repository.py::test_exact_batch_is_witnessed_once_and_replays_after_store_reopen; tests/test_cb01_repository.py::test_recovery_reuses_request_response_and_partial_records	29 passed, 2 failed in 1188.06s; not a source-stable acceptance result
2026-10-05T10:52:00Z	verification	run the affected upstream/outcome regression suite against the current source tree	Confirm #72 did not alter F13/F14/F16/F19 behavior while CB01 recovery is under review	tests/test_f13.py; tests/test_f14.py; tests/test_f15.py; tests/test_f19.py	28 passed in 771.87s
2026-10-05T10:52:30Z	verification	keep #72 open until a source-stable CB01 gate and all quality checks pass	Only then can completion evidence support the requested close; #70 remains unchanged and F17 blocked	docs/product-v2/IMPLEMENTATION-ROADMAP.md; gh issue view 72; gh issue view 70	Ruff, format, mypy, and diff checks pass; full CB01 rerun and outcome seam check pending
2026-10-05T10:55:00Z	blast-radius	retain only the selected attachment fixes after the stable outcome seam passed	The seam must prove callers cannot hide F19 conflicts and interrupted fact publication cannot expose unattached facts	.audit/cb01-implementation/blast-judge.md; tests/test_cb01_repository.py::test_outcome_attachments_preserve_f19_states_and_correction_facts	1 passed in 620.01s; retries, full F19 snapshots, T10 supplements, corrections, and paired replay verified
2026-10-05T10:56:00Z	trust	keep authenticated TUF version-floor and retained monotonicity enforcement	A validly signed but old metadata chain must not roll back fresh witness attempts	tests/test_cb01_trust.py::test_captured_tuf_state_rejects_metadata_below_the_frozen_version_floor; tests/test_cb01_trust.py::test_fresh_tuf_refresh_rejects_metadata_older_than_retained_version_floor	offline floor and rollback regressions pass
2026-10-05T10:56:30Z	lineage	retain CandidateInput references to the exact F14 input bundle	The support reference must resolve to its exact source payload for replay	tests/test_cb01_sources.py::test_candidate_input_reference_names_the_exact_f14_input_bundle	focused regression passes
2026-10-05T10:57:00Z	verification	run Ruff, formatting, mypy and whitespace checks after the implementation tree was stable	Static checks catch defects without changing source identities used in replay artifacts	uv run ruff check; uv run ruff format --check; uv run mypy; git diff --check	all checks pass; mypy reports no issues in 8 files
2026-10-05T10:57:30Z	verification	start a full CB01 rerun against a frozen source digest	The earlier run overlapped type-only edits; this run must create and replay the same exact module identity	src/matchvet/cb01.py sha256 7de7f617d652329146a3fa3c4f2b9638134dfb3c8d4c931bb35b6a90ac200092; focused CB01 pytest command	running; no implementation edits are planned during this run
2026-10-05T08:46:00Z	performance	reuse the existing per-repository F19 lineage cache for repeated exact replay	Repeated settlement replay across PENDING, CONFLICTING, WIN, LOSS, PUSH, and VOID caused repeated protected lineage verification; keep this optimization operation-local and leave F19 code unchanged	src/matchvet/f19.py:98; src/matchvet/f19.py:278-329; tests/test_cb01_repository.py::test_outcome_attachments_preserve_f19_states_and_correction_facts	used without changing F19; stable outcome seam completes in 620.01s
2026-10-05T11:16:30Z	verification	accept the full CB01 suite only after a source-stable rerun	The current cb01.py identity stayed fixed from the first fixture through reopened-store replay; the prior overlapping run is superseded but remains recorded	uv run pytest -q tests/test_cb01_schema.py tests/test_cb01_trust.py tests/test_cb01_sources.py tests/test_cb01_repository.py; src/matchvet/cb01.py sha256 7de7f617d652329146a3fa3c4f2b9638134dfb3c8d4c931bb35b6a90ac200092	31 passed in 1276.18s (0:21:16)
2026-10-05T11:16:35Z	verification	retain the affected upstream regression result without broadening scope	CB01 attaches existing F19 results and replays existing F13/F14/F16 identities without changing their implementations	uv run pytest -q tests/test_f13.py tests/test_f14.py tests/test_f15.py tests/test_f19.py	28 passed in 771.87s (0:12:51)
2026-10-05T11:16:40Z	verification	finish the required static checks before commit	No generic contracts changed; Ruff, formatting, and type checks cover the new modules and their tests	uv run ruff check; uv run ruff format --check; uv run mypy; git diff --check	all pass; no mypy issues in 8 files
2026-10-05T11:16:42Z	release	complete #72 after committing and pushing the fully passing implementation	The frozen contract acceptance gates now pass; preserve #70 and the F17 block exactly	.audit/cb01-implementation/blast-judge.md; docs/product-v2/IMPLEMENTATION-ROADMAP.md; gh issue view 72; gh issue view 70	ready to update roadmap, commit, push, then close only #72
2026-10-05T11:22:00Z	verification	scope Ruff and formatting to project code and tests	The default walk also scans unrelated untracked .audit scripts and older Markdown snippets; avoid rewriting unrelated user artifacts while verifying all Python source and tests	uv run ruff check src tests; uv run ruff format --check src tests; repo-wide diagnostic: uv run ruff check; uv run ruff format --check	source/tests pass (102 Python files formatted); default walk reports unrelated workspace files only
2026-10-05T11:23:00Z	performance-correction	record the actual CB01 operation-local outcome replay caches	The optimization that keeps outcome correction replay bounded is the per-call verified outcome and fact digest sets; the pre-existing F19 lineage cache is adjacent but was not this CB01 decision	src/matchvet/cb01.py:355-356; src/matchvet/cb01.py:1811-1873; tests/test_cb01_repository.py::test_outcome_attachments_preserve_f19_states_and_correction_facts	the public replay uses verified_digests and verified_fact_digests to avoid repeated correction-chain verification
2026-10-05T11:23:15Z	verification	record the full project mypy result	Project-wide mypy was requested alongside the CB01-specific lint and format checks	uv run mypy	Success: no issues found in 102 source files
2026-10-05T11:24:00Z	trail-correction	classify outcome projection and retry evidence under the decisions they directly prove	Full F19 conflict resolution and exact fact projection are the outcome decision; identical retry reuse is independently a recovery result	tests/test_cb01_repository.py::test_outcome_attachments_preserve_f19_states_and_correction_facts; tests/test_cb01_repository.py::test_recovery_reuses_request_response_and_partial_records	both behavior classes pass in the stable 31-test CB01 run
2026-10-05T11:24:15Z	trail-correction	supersede unqualified earlier Ruff and format pass statements with the final scope	The successful early calls targeted the eight CB01 modules and tests; the final broader code check covers all src/tests, while default walks include unrelated workspace files	uv run ruff check src tests; uv run ruff format --check src tests; uv run ruff check; uv run ruff format --check	scoped checks pass; default walks report only unrelated .audit and Markdown findings
2026-10-05T11:31:00Z	release	commit and push the verified CB01 patch, close #72, and preserve #70	Every CB01 acceptance gate passed; requested issue closure applies only to #72 and does not change F17 methodology dependencies	git commit 8733fc2; git push; git ls-remote origin refs/heads/main; gh issue view 72; gh issue view 70; docs/product-v2/IMPLEMENTATION-ROADMAP.md	commit 8733fc2582bcb718c5e161c267b85ab109ddc2b1 is pushed; #72 CLOSED; #70 OPEN; F17 remains blocked by #70 and F16
